{"cameraMode":{"drawMode":0,"name":"Shaded","section":"Shading Mode"},"sceneLighting":false,"audioPlay":false,"sceneViewState":{"m_AlwaysRefresh":false,"showFog":true,"showSkybox":false,"showFlares":true,"showImageEffects":true,"showParticleSystems":true,"showVisualEffectGraphs":true,"m_FxEnabled":false},"in2DMode":false,"pivot":{"x":0.522300124168396,"y":-0.13840994238853455,"z":-3.2112865447998049},"rotation":{"x":0.002251257188618183,"y":-0.9958451986312866,"z":0.08867236971855164,"w":0.02601325325667858},"size":1.695319414138794,"orthographic":false}