{"cameraMode":{"drawMode":0,"name":"Shaded","section":"Shading Mode"},"sceneLighting":true,"audioPlay":false,"sceneViewState":{"m_AlwaysRefresh":false,"showFog":true,"showSkybox":true,"showFlares":true,"showImageEffects":true,"showParticleSystems":true,"showVisualEffectGraphs":true,"m_FxEnabled":false},"in2DMode":false,"pivot":{"x":7.067634105682373,"y":-17.229246139526368,"z":52.39200210571289},"rotation":{"x":-0.17700918018817902,"y":-0.06649314612150192,"z":0.010761627927422524,"w":-0.9822825193405151},"size":29.832534790039064,"orthographic":false}