{"cameraMode":{"drawMode":0,"name":"Shaded","section":"Shading Mode"},"sceneLighting":false,"audioPlay":false,"sceneViewState":{"m_AlwaysRefresh":false,"showFog":true,"showSkybox":false,"showFlares":true,"showImageEffects":true,"showParticleSystems":true,"showVisualEffectGraphs":true,"m_FxEnabled":true},"in2DMode":false,"pivot":{"x":-0.2645728290081024,"y":-0.21450549364089967,"z":-0.2750588357448578},"rotation":{"x":-0.032789405435323718,"y":-0.9654924273490906,"z":0.21900667250156403,"w":-0.13988608121871949},"size":1.3361058235168458,"orthographic":false}