{"cameraMode":{"drawMode":0,"name":"Shaded","section":"Shading Mode"},"sceneLighting":false,"audioPlay":false,"sceneViewState":{"m_AlwaysRefresh":false,"showFog":true,"showSkybox":false,"showFlares":true,"showImageEffects":true,"showParticleSystems":true,"showVisualEffectGraphs":true,"m_FxEnabled":false},"in2DMode":false,"pivot":{"x":-0.01952996850013733,"y":1.601860523223877,"z":1.6690913438796998},"rotation":{"x":-0.015910346060991288,"y":0.9519631266593933,"z":-0.302077978849411,"w":-0.05367742106318474},"size":0.09602910280227661,"orthographic":false}